<?xml version="1.0" encoding="UTF-8"?>
<!DOCTYPE mapper
        PUBLIC "-//mybatis.org//DTD Mapper 3.0//EN"
        "http://mybatis.org/dtd/mybatis-3-mapper.dtd">

<mapper namespace="com.yju.bookscovery.dao.BookCountMapper">
    <select id="count" resultType="int">
        select count(*) from book_count
    </select>

    <select id="selectAllByDepartment" parameterType="Integer" resultType="BCDto">
        select * from book_count
        where department_id = #{department_id}
        order by book_count desc
    </select>

    <select id="selectAll" resultType="BCDto">
        select * from book_count
        order by book_count desc
    </select>

    <select id="selectOne" parameterType="Integer" resultType="BCDto">
        select * from book_count
        where book_count_id = #{book_count_id}
    </select>

    <insert id="insert" parameterType="Map">
        insert into book_count
        values (null, #{department_id}, #{book_id}, 1)
    </insert>

    <select id="check" parameterType="Map" resultType="Integer">
        select book_count_id from book_count
        where department_id = #{department_id} and book_id = #{book_id}
    </select>

    <update id="update" parameterType="BCDto">
        update book_count set book_count = #{book_count} + 1
        where book_count_id = #{book_count_id}
    </update>

    <delete id="deleteAllByDepartment" parameterType="Integer">
        delete from book_count
        where department_id = #{department_id}
    </delete>

    <delete id="deleteAll" parameterType="Integer">
        delete from book_count
    </delete>

    <delete id="deleteOne" parameterType="Integer">
        delete from book_count
        where book_count_id = #{book_count_id}
    </delete>

</mapper>