<?xml version="1.0" encoding="UTF-8"?>
<!DOCTYPE mapper
        PUBLIC "-//mybatis.org//DTD Mapper 3.0//EN"
        "http://mybatis.org/dtd/mybatis-3-mapper.dtd">

<mapper namespace="com.yju.bookscovery.dao.BookMapper">
    <select id="count" resultType="int">
        select count(*) from book
    </select>

    <select id="selectOne" parameterType="Integer" resultType="BookDto">
        select * from book
        where book_id = #{book_id}
    </select>

    <select id="selectAllBooks" resultType="BookDto">
        select * from book
    </select>

    <select id="checkByISBN" parameterType="String" resultType="Integer">
        select book_id from book
        where isbn = #{isbn}
    </select>

    <insert id="insert" parameterType="BookDto">
        insert into book
        values (null, #{bookname}, #{isbn}, #{authors}, #{publisher}, #{book_image_URL}, #{publication_year}, #{class_no}, #{loan_count})
    </insert>

    <delete id="deleteAll" parameterType="Integer">
        delete from book
    </delete>

    <delete id="deleteOne" parameterType="Integer">
        delete from book
        where book_id = #{book_id}
    </delete>

    <select id="departmentCountJoin" parameterType="Integer" resultType="DCBJDto">
        select b.book_id,
               bookname,
               isbn,
               authors,
               publisher,
               book_image_URL,
               publication_year,
               class_no,
               d.department,
               loan_count,
               book_count
        from book b,book_count bc, department d
        where b.book_id = bc.book_id and d.department_id = bc.department_id and d.department_id = #{department_id}
        order by book_count desc, loan_count desc;
    </select>

    <select id="favoriteBookJoin" parameterType="Integer" resultType="FBJDto">
        select b.book_id,
               bookname,
               isbn,
               authors,
               publisher,
               book_image_URL,
               publication_year,
               class_no,
               loan_count,
               favorite_id,
               favorite_date
        from book b,favorite f
        where b.book_id = f.book_id and member_id = #{member_id}
        order by favorite_date desc, loan_count desc
    </select>

    <select id="historyBookJoin" parameterType="Integer" resultType="HBJDto">
        select b.book_id,
               bookname,
               isbn,
               authors,
               publisher,
               book_image_URL,
               publication_year,
               class_no,
               loan_count,
               search_date
        from book b,search_history sh
        where b.book_id = sh.book_id and member_id = #{member_id}
        order by search_date desc, loan_count desc
    </select>

</mapper>