<?xml version="1.0" encoding="UTF-8"?>
<!DOCTYPE mapper
        PUBLIC "-//mybatis.org//DTD Mapper 3.0//EN"
        "http://mybatis.org/dtd/mybatis-3-mapper.dtd">

<mapper namespace="com.yju.bookscovery.dao.DepartmentMapper">
    <select id="count" resultType="int">
        select count(*) from department
    </select>

    <select id="selectAll" resultType="DDto">
        select * from department
        order by department_id asc
    </select>

    <select id="selectByDepartment" parameterType="Integer" resultType="DDto">
        select * from department
        where department_id = #{department_id}
    </select>

    <insert id="insert" parameterType="DDto">
        insert into department
        values (null, #{department})
    </insert>

    <update id="update" parameterType="DDto">
        update department set department = #{department}
        where department_id = #{department_id}
    </update>

    <delete id="deleteAll">
        delete from department
    </delete>

    <delete id="deleteOne" parameterType="Integer">
        delete from department
        where department_id = #{department_id}
    </delete>

</mapper>