<?xml version="1.0" encoding="UTF-8"?>
<!DOCTYPE mapper
        PUBLIC "-//mybatis.org//DTD Mapper 3.0//EN"
        "http://mybatis.org/dtd/mybatis-3-mapper.dtd">

<mapper namespace="com.yju.bookscovery.dao.PopularMemberMapper">

    <select id="selectOne" parameterType="Integer" resultType="PMDto">
        select * from popular_book_members
        where popular_book_member_id = #{popular_book_member_id}
    </select>

    <select id="selectAllByMember" parameterType="Integer" resultType="PMDto">
        select * from popular_book_members
        where member_id = #{member_id}
    </select>

    <insert id="insert" parameterType="Map">
        insert into popular_book_members
        values (null, #{popular_id}, #{member_id})
    </insert>

    <delete id="deleteAll" parameterType="Integer">
        delete from popular_book_members
        where member_id = #{member_id}
    </delete>

    <delete id="deleteOne" parameterType="Integer">
        delete from popular_book_members
        where popular_book_member_id = #{popular_book_member_id}
    </delete>

</mapper>