<?xml version="1.0" encoding="UTF-8"?>
<!DOCTYPE mapper
        PUBLIC "-//mybatis.org//DTD Mapper 3.0//EN"
        "http://mybatis.org/dtd/mybatis-3-mapper.dtd">

<mapper namespace="com.yju.bookscovery.dao.SearchHistoryMapper">
    <select id="selectOne" parameterType="map" resultType="SHDto">
        select * from search_history
        where search_history_id = #{search_history_id} and member_id = #{member_id}
    </select>

    <select id="selectAll" parameterType="Integer" resultType="SHDto">
        select * from search_history
        where member_id = #{member_id}
    </select>

    <select id="count" resultType="int">
        select count(*) from search_history
        where member_id = #{member_id}
    </select>

    <insert id="insert" parameterType="Map">
        insert into search_history
        values (null, #{member_id}, #{book_id}, now())
    </insert>

    <delete id="deleteAll" parameterType="Integer">
        delete from search_history
        where member_id = #{member_id}
    </delete>

    <delete id="deleteOne" parameterType="Map">
        delete from search_history
        where search_history_id = #{search_history_id} and memberNumber = #{member_id}
    </delete>


</mapper>